file,n_rows,t0_ms,t1_ms
Subj_01_Isokin_L_02kg_40bpm_EMG_data.csv,55050,1593018935063.0,1593019014518.49
Subj_01_Isokin_L_02kg_60bpm_EMG_data.csv,62400,1593019029107.0,1593019111447.48
Subj_01_Isokin_L_02kg_80bpm_EMG_data.csv,51000,1593019122732.0,1593019192307.78
Subj_01_Isokin_L_02kg_St_EMG_data.csv,33750,1593018866877.0,1593018910431.01
Subj_01_Isokin_L_04kg_40bpm_EMG_data.csv,55350,1593019816863.0,1593019887495.13
Subj_01_Isokin_L_04kg_60bpm_EMG_data.csv,56100,1593019915509.0,1593019989138.94
Subj_01_Isokin_L_04kg_80bpm_EMG_data.csv,50100,1593020014485.0,1593020077854.85
Subj_01_Isokin_L_04kg_St_EMG_data.csv,33900,1593019737060.0,1593019782628.33
Subj_01_Isokin_R_02kg_40bpm_EMG_data.csv,71400,1593018456345.0,1593018549062.6
Subj_01_Isokin_R_02kg_60bpm_EMG_data.csv,59100,1593018658899.0,1593018734908.16
Subj_01_Isokin_R_02kg_80bpm_EMG_data.csv,58950,1593018757449.0,1593018838806.1
Subj_01_Isokin_R_02kg_St_EMG_data.csv,36000,1593018138307.0,1593018182022.58
Subj_01_Isokin_R_04kg_40bpm_EMG_data.csv,59250,1593019317902.0,1593019396635.47
Subj_01_Isokin_R_04kg_60bpm_EMG_data.csv,54600,1593019405825.0,1593019478299.31
Subj_01_Isokin_R_04kg_80bpm_EMG_data.csv,55950,1593019588136.0,1593019662757.43
Subj_01_Isokin_R_04kg_St_EMG_data.csv,35100,1593019261555.0,1593019305214.52
Subj_01_MMH_Bim_L_02kg_Trial_1_EMG_data.csv,64200,1592247784147.0,1592247855446.13
Subj_01_MMH_Bim_L_02kg_Trial_2_EMG_data.csv,67200,1592247881509.0,1592247956878.19
Subj_01_MMH_Bim_L_02kg_Trial_3_EMG_data.csv,57450,1592247980377.0,1592248053240.17
Subj_01_MMH_Bim_L_08kg_Trial_1_EMG_data.csv,60600,1592248117485.0,1592248191177.29
Subj_01_MMH_Bim_L_08kg_Trial_2_EMG_data.csv,61050,1592248222624.0,1592248296908.23
Subj_01_MMH_Bim_L_08kg_Trial_3_EMG_data.csv,63300,1592248392992.0,1592248468283.19
Subj_01_MMH_Bim_L_12kg_Trial_1_EMG_data.csv,64650,1592248550138.0,1592248625724.93
Subj_01_MMH_Bim_L_12kg_Trial_2_EMG_data.csv,62550,1592248649333.0,1592248725946.36
Subj_01_MMH_Bim_L_12kg_Trial_3_EMG_data.csv,61200,1592248856536.0,1592248932033.69
Subj_01_MMH_Bim_R_02kg_Trial_1_EMG_data.csv,68550,1592247782774.0,1592247856962.9
Subj_01_MMH_Bim_R_02kg_Trial_2_EMG_data.csv,70650,1592247880043.0,1592247957660.31
Subj_01_MMH_Bim_R_02kg_Trial_3_EMG_data.csv,59400,1592247979505.0,1592248053971.28
Subj_01_MMH_Bim_R_08kg_Trial_1_EMG_data.csv,59950,1592248118438.0,1592248195086.66
Subj_01_MMH_Bim_R_08kg_Trial_2_EMG_data.csv,61450,1592248224191.0,1592248301242.29
Subj_01_MMH_Bim_R_08kg_Trial_3_EMG_data.csv,60307,1592248391641.0,1592248464093.59
Subj_01_MMH_Bim_R_12kg_Trial_1_EMG_data.csv,66850,1592248551171.0,1592248629656.56
Subj_01_MMH_Bim_R_12kg_Trial_2_EMG_data.csv,63000,1592248647625.0,1592248725358.63
Subj_01_MMH_Bim_R_12kg_Trial_3_EMG_data.csv,61300,1592248858116.0,1592248936430.86
Subj_01_MMH_One_L_02kg_Trial_1_EMG_data.csv,103950,1592245374668.0,1592245488565.24
Subj_01_MMH_One_L_02kg_Trial_2_EMG_data.csv,87300,1592245521849.0,1592245619847.24
Subj_01_MMH_One_L_02kg_Trial_3_EMG_data.csv,67800,1592245772662.0,1592245849432.45
Subj_01_MMH_One_L_04kg_Trial_1_EMG_data.csv,65850,1592246910208.0,1592246982230.34
Subj_01_MMH_One_L_04kg_Trial_2_EMG_data.csv,62100,1592247109218.0,1592247177987.79
Subj_01_MMH_One_L_04kg_Trial_3_EMG_data.csv,66300,1592247219588.0,1592247291309.4
Subj_01_MMH_One_R_02kg_Trial_1_EMG_data.csv,81000,1592246442346.0,1592246534419.08
Subj_01_MMH_One_R_02kg_Trial_2_EMG_data.csv,74850,1592246588993.0,1592246669342.38
Subj_01_MMH_One_R_02kg_Trial_3_EMG_data.csv,71250,1592246690087.0,1592246768311.3
Subj_01_MMH_One_R_04kg_Trial_1_EMG_data.csv,64950,1592247342717.0,1592247413009.7
Subj_01_MMH_One_R_04kg_Trial_2_EMG_data.csv,65850,1592247435437.0,1592247506751.98
Subj_01_MMH_One_R_04kg_Trial_3_EMG_data.csv,66000,1592247561850.0,1592247633262.98
Subj_01_MVC_Isokin_L_EMG_data.csv,40050,1593020168255.0,1593020221161.53
Subj_01_MVC_Isokin_R_EMG_data.csv,32700,1593020174840.0,1593020222204.05
Subj_01_MVC_MMH_Bim_L_EMG_data.csv,45750,1592244837926.0,1592244897826.36
Subj_01_MVC_MMH_Bim_R_EMG_data.csv,46800,1592244839446.0,1592244896436.58
Subj_01_MVC_MMH_One_L_EMG_data.csv,45750,1592244837926.0,1592244897826.36
Subj_01_MVC_MMH_One_R_EMG_data.csv,46800,1592244839446.0,1592244896436.58
Subj_02_Isokin_L_02kg_40bpm_EMG_data.csv,35500,1600945049476.0,1600945117275.97
Subj_02_Isokin_L_02kg_60bpm_EMG_data.csv,30000,1600945119036.0,1600945176053.14
Subj_02_Isokin_L_02kg_80bpm_EMG_data.csv,28200,1600945184616.0,1600945239712.83
Subj_02_Isokin_L_02kg_St_EMG_data.csv,16200,1600945008986.0,1600945038611.66
Subj_02_Isokin_L_04kg_40bpm_EMG_data.csv,35250,1600945668955.0,1600945736681.96
Subj_02_Isokin_L_04kg_60bpm_EMG_data.csv,29550,1600945747811.0,1600945805235.33
Subj_02_Isokin_L_04kg_80bpm_EMG_data.csv,31750,1600945813033.0,1600945874942.0
Subj_02_Isokin_L_04kg_St_EMG_data.csv,16050,1600945627019.0,1600945656840.52
Subj_02_Isokin_R_02kg_40bpm_EMG_data.csv,34200,1600944783232.0,1600944846795.72
Subj_02_Isokin_R_02kg_60bpm_EMG_data.csv,32800,1600944867483.0,1600944929934.03
Subj_02_Isokin_R_02kg_80bpm_EMG_data.csv,31500,1600944935088.0,1600944993494.96
Subj_02_Isokin_R_02kg_St_EMG_data.csv,13800,1600944736861.0,1600944762178.26
Subj_02_Isokin_R_04kg_40bpm_EMG_data.csv,35850,1600945386989.0,1600945453671.99
Subj_02_Isokin_R_04kg_60bpm_EMG_data.csv,34800,1600945466175.0,1600945532357.67
Subj_02_Isokin_R_04kg_80bpm_EMG_data.csv,30300,1600945543198.0,1600945602087.24
Subj_02_Isokin_R_04kg_St_EMG_data.csv,16050,1600945337967.0,1600945367620.04
Subj_02_MMH_Bim_L_02kg_Trial_1_EMG_data.csv,44100,1600941956332.0,1600942039469.81
Subj_02_MMH_Bim_L_02kg_Trial_2_EMG_data.csv,34427,1600942103695.0,1600942170252.49
Subj_02_MMH_Bim_L_02kg_Trial_3_EMG_data.csv,38500,1600942173724.0,1600942247103.32
Subj_02_MMH_Bim_L_08kg_Trial_1_EMG_data.csv,43450,1600942272461.0,1600942353567.21
Subj_02_MMH_Bim_L_08kg_Trial_2_EMG_data.csv,32850,1600942354814.0,1600942417825.38
Subj_02_MMH_Bim_L_08kg_Trial_3_EMG_data.csv,36850,1600942429909.0,1600942501061.04
Subj_02_MMH_Bim_L_12kg_Trial_1_EMG_data.csv,31800,1600942580312.0,1600942640990.95
Subj_02_MMH_Bim_L_12kg_Trial_2_EMG_data.csv,32100,1600942649834.0,1600942712668.42
Subj_02_MMH_Bim_L_12kg_Trial_3_EMG_data.csv,31950,1600943294167.0,1600943353127.57
Subj_02_MMH_Bim_R_02kg_Trial_1_EMG_data.csv,41250,1600941960978.0,1600942041542.45
Subj_02_MMH_Bim_R_02kg_Trial_2_EMG_data.csv,32100,1600942105732.0,1600942167892.47
Subj_02_MMH_Bim_R_02kg_Trial_3_EMG_data.csv,34800,1600942175815.0,1600942241640.84
Subj_02_MMH_Bim_R_08kg_Trial_1_EMG_data.csv,39150,1600942274750.0,1600942348135.26
Subj_02_MMH_Bim_R_08kg_Trial_2_EMG_data.csv,32850,1600942356869.0,1600942420738.49
Subj_02_MMH_Bim_R_08kg_Trial_3_EMG_data.csv,37150,1600942431622.0,1600942503217.27
Subj_02_MMH_Bim_R_12kg_Trial_1_EMG_data.csv,31350,1600942582079.0,1600942642672.27
Subj_02_MMH_Bim_R_12kg_Trial_2_EMG_data.csv,33150,1600942652032.0,1600942715861.63
Subj_02_MMH_Bim_R_12kg_Trial_3_EMG_data.csv,30900,1600943298433.0,1600943354950.41
Subj_02_MMH_One_L_02kg_Trial_1_EMG_data.csv,34750,1600943890193.0,1600943954032.41
Subj_02_MMH_One_L_02kg_Trial_2_EMG_data.csv,36850,1600943951544.0,1600944021238.63
Subj_02_MMH_One_L_02kg_Trial_3_EMG_data.csv,32050,1600944022872.0,1600944083245.56
Subj_02_MMH_One_L_04kg_Trial_1_EMG_data.csv,31650,1600944321316.0,1600944381685.54
Subj_02_MMH_One_L_04kg_Trial_2_EMG_data.csv,31050,1600944429291.0,1600944488159.78
Subj_02_MMH_One_L_04kg_Trial_3_EMG_data.csv,34450,1600944498433.0,1600944564942.45
Subj_02_MMH_One_R_02kg_Trial_1_EMG_data.csv,34200,1600943682331.0,1600943745126.58
Subj_02_MMH_One_R_02kg_Trial_2_EMG_data.csv,22409,1600943751516.0,1600943794143.72
Subj_02_MMH_One_R_02kg_Trial_3_EMG_data.csv,30900,1600943810568.0,1600943867877.5
Subj_02_MMH_One_R_04kg_Trial_1_EMG_data.csv,32250,1600944113501.0,1600944174330.05
Subj_02_MMH_One_R_04kg_Trial_2_EMG_data.csv,33850,1600944181310.0,1600944246380.07
Subj_02_MMH_One_R_04kg_Trial_3_EMG_data.csv,32500,1600944254510.0,1600944317794.19
Subj_02_MVC_All_L_EMG_data.csv,36600,1600945882326.0,1600945954737.69
Subj_02_MVC_All_R_EMG_data.csv,36000,1600945885549.0,1600945957116.35
Subj_03_Isokin_L_02kg_40bpm_EMG_data.csv,36600,1601655275423.0,1601655344224.83
Subj_03_Isokin_L_02kg_60bpm_EMG_data.csv,36700,1601655399908.0,1601655468664.87
Subj_03_Isokin_L_02kg_80bpm_EMG_data.csv,32100,1601655487910.0,1601655547852.69
Subj_03_Isokin_L_02kg_St_EMG_data.csv,16050,1601655230240.0,1601655260104.62
Subj_03_Isokin_L_04kg_40bpm_EMG_data.csv,39900,1601656154017.0,1601656227687.93
Subj_03_Isokin_L_04kg_60bpm_EMG_data.csv,37650,1601656250401.0,1601656319926.64
Subj_03_Isokin_L_04kg_80bpm_EMG_data.csv,29550,1601656398937.0,1601656453345.83
Subj_03_Isokin_L_04kg_St_EMG_data.csv,14550,1601656113165.0,1601656139964.85
Subj_03_Isokin_R_02kg_40bpm_EMG_data.csv,37650,1601654853188.0,1601654920765.01
Subj_03_Isokin_R_02kg_60bpm_EMG_data.csv,33900,1601654986841.0,1601655049507.8
Subj_03_Isokin_R_02kg_80bpm_EMG_data.csv,31200,1601655101363.0,1601655157606.51
Subj_03_Isokin_R_02kg_St_EMG_data.csv,16500,1601654727326.0,1601654755002.91
Subj_03_Isokin_R_04kg_40bpm_EMG_data.csv,42000,1601655749675.0,1601655826874.82
Subj_03_Isokin_R_04kg_60bpm_EMG_data.csv,37500,1601655863954.0,1601655932918.84
Subj_03_Isokin_R_04kg_80bpm_EMG_data.csv,42600,1601655962323.0,1601656041832.12
Subj_03_Isokin_R_04kg_St_EMG_data.csv,18300,1601655681479.0,1601655714650.41
Subj_03_MMH_Bim_L_02kg_Trial_1_EMG_data.csv,53100,1601650214891.0,1601650314334.95
Subj_03_MMH_Bim_L_02kg_Trial_2_EMG_data.csv,36600,1601650332998.0,1601650403551.15
Subj_03_MMH_Bim_L_02kg_Trial_3_EMG_data.csv,39750,1601650784889.0,1601650855400.78
Subj_03_MMH_Bim_L_08kg_Trial_1_EMG_data.csv,38850,1601650899841.0,1601650973877.94
Subj_03_MMH_Bim_L_08kg_Trial_2_EMG_data.csv,46950,1601650999300.0,1601651087661.78
Subj_03_MMH_Bim_L_08kg_Trial_3_EMG_data.csv,42600,1601651151323.0,1601651230291.31
Subj_03_MMH_Bim_L_12kg_Trial_1_EMG_data.csv,46200,1601651338780.0,1601651425358.01
Subj_03_MMH_Bim_L_12kg_Trial_2_EMG_data.csv,46050,1601651465158.0,1601651547699.93
Subj_03_MMH_Bim_L_12kg_Trial_3_EMG_data.csv,46200,1601651707071.0,1601651794156.57
Subj_03_MMH_Bim_R_02kg_Trial_1_EMG_data.csv,52050,1601650217269.0,1601650316309.5
Subj_03_MMH_Bim_R_02kg_Trial_2_EMG_data.csv,37050,1601650335210.0,1601650405816.57
Subj_03_MMH_Bim_R_02kg_Trial_3_EMG_data.csv,40500,1601650786881.0,1601650858327.72
Subj_03_MMH_Bim_R_08kg_Trial_1_EMG_data.csv,39450,1601650902325.0,1601650976445.97
Subj_03_MMH_Bim_R_08kg_Trial_2_EMG_data.csv,45600,1601651002778.0,1601651090179.79
Subj_03_MMH_Bim_R_08kg_Trial_3_EMG_data.csv,42150,1601651154431.0,1601651232945.86
Subj_03_MMH_Bim_R_12kg_Trial_1_EMG_data.csv,46050,1601651342005.0,1601651428189.48
Subj_03_MMH_Bim_R_12kg_Trial_2_EMG_data.csv,35821,1601651467218.0,1601651533558.46
Subj_03_MMH_Bim_R_12kg_Trial_3_EMG_data.csv,46500,1601651709328.0,1601651796876.9
Subj_03_MMH_One_L_02kg_Trial_1_EMG_data.csv,39300,1601653374917.0,1601653444045.25
Subj_03_MMH_One_L_02kg_Trial_2_EMG_data.csv,39300,1601653470617.0,1601653542412.51
Subj_03_MMH_One_L_02kg_Trial_3_EMG_data.csv,43050,1601653557567.0,1601653633743.55
Subj_03_MMH_One_L_04kg_Trial_1_EMG_data.csv,38250,1601654098737.0,1601654170229.76
Subj_03_MMH_One_L_04kg_Trial_2_EMG_data.csv,38250,1601654191847.0,1601654263535.86
Subj_03_MMH_One_L_04kg_Trial_3_EMG_data.csv,44250,1601654327500.0,1601654408543.94
Subj_03_MMH_One_R_02kg_Trial_1_EMG_data.csv,46950,1601652921058.0,1601653003883.56
Subj_03_MMH_One_R_02kg_Trial_2_EMG_data.csv,38166,1601653115906.0,1601653182843.83
Subj_03_MMH_One_R_02kg_Trial_3_EMG_data.csv,42600,1601653275806.0,1601653349595.04
Subj_03_MMH_One_R_04kg_Trial_1_EMG_data.csv,46650,1601653770686.0,1601653856296.48
Subj_03_MMH_One_R_04kg_Trial_2_EMG_data.csv,43050,1601653889245.0,1601653968038.54
Subj_03_MMH_One_R_04kg_Trial_3_EMG_data.csv,41400,1601653998490.0,1601654074940.69
Subj_03_MVC_All_L_EMG_data.csv,27600,1601656528485.0,1601656581466.19
Subj_03_MVC_All_R_EMG_data.csv,27600,1601656532033.0,1601656583821.55
Subj_04_Isokin_L_02kg_40bpm_EMG_data.csv,30750,1603818010077.0,1603818075884.06
Subj_04_Isokin_L_02kg_60bpm_EMG_data.csv,28650,1603818114503.0,1603818176410.3
Subj_04_Isokin_L_02kg_80bpm_EMG_data.csv,27000,1603818203093.0,1603818261757.82
Subj_04_Isokin_L_02kg_St_EMG_data.csv,18750,1603817956744.0,1603817995001.85
Subj_04_Isokin_L_04kg_40bpm_EMG_data.csv,31500,1603818664341.0,1603818731268.68
Subj_04_Isokin_L_04kg_60bpm_EMG_data.csv,28200,1603818760964.0,1603818821416.98
Subj_04_Isokin_L_04kg_80bpm_EMG_data.csv,31800,1603818834698.0,1603818901067.54
Subj_04_Isokin_L_04kg_St_EMG_data.csv,18900,1603818612285.0,1603818652334.64
Subj_04_Isokin_R_02kg_40bpm_EMG_data.csv,29250,1603817703447.0,1603817768707.4
Subj_04_Isokin_R_02kg_60bpm_EMG_data.csv,27600,1603817805355.0,1603817865774.98
Subj_04_Isokin_R_02kg_80bpm_EMG_data.csv,28050,1603817883510.0,1603817943463.37
Subj_04_Isokin_R_02kg_St_EMG_data.csv,17400,1603817602509.0,1603817638080.1
Subj_04_Isokin_R_04kg_40bpm_EMG_data.csv,30600,1603818372111.0,1603818437641.87
Subj_04_Isokin_R_04kg_60bpm_EMG_data.csv,29850,1603818452650.0,1603818515933.38
Subj_04_Isokin_R_04kg_80bpm_EMG_data.csv,30000,1603818531919.0,1603818594099.54
Subj_04_Isokin_R_04kg_St_EMG_data.csv,16200,1603818322288.0,1603818357169.64
Subj_04_MMH_Bim_L_02kg_Trial_1_EMG_data.csv,35850,1603814787158.0,1603814871109.08
Subj_04_MMH_Bim_L_02kg_Trial_2_EMG_data.csv,34350,1603814883858.0,1603814963432.62
Subj_04_MMH_Bim_L_02kg_Trial_3_EMG_data.csv,29700,1603814984696.0,1603815057942.9
Subj_04_MMH_Bim_L_08kg_Trial_1_EMG_data.csv,33150,1603815093505.0,1603815171885.88
Subj_04_MMH_Bim_L_08kg_Trial_2_EMG_data.csv,36900,1603815192965.0,1603815280555.08
Subj_04_MMH_Bim_L_08kg_Trial_3_EMG_data.csv,34350,1603815307266.0,1603815389306.1
Subj_04_MMH_Bim_L_12kg_Trial_1_EMG_data.csv,38500,1603815430701.0,1603815519325.77
Subj_04_MMH_Bim_L_12kg_Trial_2_EMG_data.csv,37000,1603815527715.0,1603815613193.89
Subj_04_MMH_Bim_L_12kg_Trial_3_EMG_data.csv,39150,1603815631321.0,1603815721155.34
Subj_04_MMH_Bim_R_02kg_Trial_1_EMG_data.csv,35400,1603814790609.0,1603814873661.83
Subj_04_MMH_Bim_R_02kg_Trial_2_EMG_data.csv,27451,1603814885934.0,1603814953071.23
Subj_04_MMH_Bim_R_02kg_Trial_3_EMG_data.csv,30000,1603814986813.0,1603815061195.29
Subj_04_MMH_Bim_R_08kg_Trial_1_EMG_data.csv,21994,1603815095400.0,1603815145405.08
Subj_04_MMH_Bim_R_08kg_Trial_2_EMG_data.csv,37500,1603815195028.0,1603815282806.42
Subj_04_MMH_Bim_R_08kg_Trial_3_EMG_data.csv,35950,1603815310079.0,1603815396844.58
Subj_04_MMH_Bim_R_12kg_Trial_1_EMG_data.csv,34500,1603815432840.0,1603815512366.26
Subj_04_MMH_Bim_R_12kg_Trial_2_EMG_data.csv,34350,1603815529432.0,1603815608427.99
Subj_04_MMH_Bim_R_12kg_Trial_3_EMG_data.csv,39450,1603815633952.0,1603815723550.16
Subj_04_MMH_One_L_02kg_Trial_1_EMG_data.csv,36000,1603816219747.0,1603816296526.12
Subj_04_MMH_One_L_02kg_Trial_2_EMG_data.csv,21457,1603816325459.0,1603816372116.37
Subj_04_MMH_One_L_02kg_Trial_3_EMG_data.csv,37800,1603816469584.0,1603816551715.62
Subj_04_MMH_One_L_04kg_Trial_1_EMG_data.csv,37750,1603817135724.0,1603817218346.02
Subj_04_MMH_One_L_04kg_Trial_2_EMG_data.csv,32100,1603817239825.0,1603817310378.54
Subj_04_MMH_One_L_04kg_Trial_3_EMG_data.csv,33450,1603817432959.0,1603817505753.04
Subj_04_MMH_One_R_02kg_Trial_1_EMG_data.csv,42400,1603815903352.0,1603815992994.42
Subj_04_MMH_One_R_02kg_Trial_2_EMG_data.csv,33150,1603816035563.0,1603816111912.53
Subj_04_MMH_One_R_02kg_Trial_3_EMG_data.csv,32850,1603816130615.0,1603816200186.55
Subj_04_MMH_One_R_04kg_Trial_1_EMG_data.csv,32400,1603816622730.0,1603816694583.64
Subj_04_MMH_One_R_04kg_Trial_2_EMG_data.csv,33450,1603816714761.0,1603816786991.57
Subj_04_MMH_One_R_04kg_Trial_3_EMG_data.csv,35550,1603816802713.0,1603816876779.2
Subj_04_MVC_All_L_EMG_data.csv,22050,1603818944124.0,1603819000947.55
Subj_04_MVC_All_R_EMG_data.csv,20550,1603818946401.0,1603818998576.2
Subj_05_Isokin_L_02kg_40bpm_EMG_data.csv,29400,1600788067679.0,1600788134716.76
Subj_05_Isokin_L_02kg_60bpm_EMG_data.csv,25200,1600788156672.0,1600788216144.35
Subj_05_Isokin_L_02kg_80bpm_EMG_data.csv,27300,1600788234515.0,1600788295018.01
Subj_05_Isokin_L_02kg_St_EMG_data.csv,19300,1600787961185.0,1600788003868.02
Subj_05_Isokin_L_04kg_40bpm_EMG_data.csv,30450,1600788716196.0,1600788789895.07
Subj_05_Isokin_L_04kg_60bpm_EMG_data.csv,27900,1600788808023.0,1600788873642.86
Subj_05_Isokin_L_04kg_80bpm_EMG_data.csv,27300,1600788893582.0,1600788954551.54
Subj_05_Isokin_L_04kg_St_EMG_data.csv,16950,1600788661902.0,1600788699532.42
Subj_05_Isokin_R_02kg_40bpm_EMG_data.csv,13777,1600787583676.0,1600787613619.29
Subj_05_Isokin_R_02kg_60bpm_EMG_data.csv,30000,1600787707600.0,1600787773794.08
Subj_05_Isokin_R_02kg_80bpm_EMG_data.csv,27900,1600787808715.0,1600787868647.45
Subj_05_Isokin_R_02kg_St_EMG_data.csv,16690,1600787515849.0,1600787552759.56
Subj_05_Isokin_R_04kg_40bpm_EMG_data.csv,30300,1600788406577.0,1600788476354.95
Subj_05_Isokin_R_04kg_60bpm_EMG_data.csv,28198,1600788496441.0,1600788563133.51
Subj_05_Isokin_R_04kg_80bpm_EMG_data.csv,25500,1600788583476.0,1600788642629.2
Subj_05_Isokin_R_04kg_St_EMG_data.csv,16650,1600788354770.0,1600788392762.73
Subj_05_MMH_Bim_L_02kg_Trial_1_EMG_data.csv,41700,1600783993717.0,1600784094839.11
Subj_05_MMH_Bim_L_02kg_Trial_2_EMG_data.csv,34950,1600784118281.0,1600784202419.69
Subj_05_MMH_Bim_L_02kg_Trial_3_EMG_data.csv,33000,1600784216896.0,1600784296195.11
Subj_05_MMH_Bim_L_08kg_Trial_1_EMG_data.csv,35400,1600784371004.0,1600784458352.07
Subj_05_MMH_Bim_L_08kg_Trial_2_EMG_data.csv,34950,1600784486065.0,1600784569094.47
Subj_05_MMH_Bim_L_08kg_Trial_3_EMG_data.csv,37050,1600784585892.0,1600784676406.98
Subj_05_MMH_Bim_L_12kg_Trial_1_EMG_data.csv,34350,1600784763049.0,1600784850338.73
Subj_05_MMH_Bim_L_12kg_Trial_2_EMG_data.csv,33600,1600784881951.0,1600784965677.8
Subj_05_MMH_Bim_L_12kg_Trial_3_EMG_data.csv,34800,1600784983933.0,1600785071686.63
Subj_05_MMH_Bim_R_02kg_Trial_1_EMG_data.csv,44250,1600783997213.0,1600784099571.22
Subj_05_MMH_Bim_R_02kg_Trial_2_EMG_data.csv,35250,1600784121276.0,1600784204906.32
Subj_05_MMH_Bim_R_02kg_Trial_3_EMG_data.csv,33600,1600784219000.0,1600784298551.54
Subj_05_MMH_Bim_R_08kg_Trial_1_EMG_data.csv,35250,1600784373540.0,1600784460173.71
Subj_05_MMH_Bim_R_08kg_Trial_2_EMG_data.csv,34950,1600784488575.0,1600784571186.38
Subj_05_MMH_Bim_R_08kg_Trial_3_EMG_data.csv,37650,1600784589302.0,1600784678378.28
Subj_05_MMH_Bim_R_12kg_Trial_1_EMG_data.csv,34650,1600784765421.0,1600784852407.25
Subj_05_MMH_Bim_R_12kg_Trial_2_EMG_data.csv,33750,1600784885080.0,1600784968241.29
Subj_05_MMH_Bim_R_12kg_Trial_3_EMG_data.csv,35400,1600784986510.0,1600785073771.65
Subj_05_MMH_One_L_02kg_Trial_1_EMG_data.csv,34200,1600785817270.0,1600785895536.95
Subj_05_MMH_One_L_02kg_Trial_2_EMG_data.csv,35700,1600785942034.0,1600786026235.18
Subj_05_MMH_One_L_02kg_Trial_3_EMG_data.csv,27539,1600786088155.0,1600786149362.51
Subj_05_MMH_One_L_04kg_Trial_1_EMG_data.csv,38250,1600786891351.0,1600786975739.72
Subj_05_MMH_One_L_04kg_Trial_2_EMG_data.csv,36900,1600786992364.0,1600787074143.57
Subj_05_MMH_One_L_04kg_Trial_3_EMG_data.csv,34950,1600787114138.0,1600787192423.42
Subj_05_MMH_One_R_02kg_Trial_1_EMG_data.csv,39900,1600785449742.0,1600785540225.84
Subj_05_MMH_One_R_02kg_Trial_2_EMG_data.csv,35850,1600785571018.0,1600785651555.72
Subj_05_MMH_One_R_02kg_Trial_3_EMG_data.csv,37050,1600785665501.0,1600785751719.52
Subj_05_MMH_One_R_04kg_Trial_1_EMG_data.csv,37800,1600786597877.0,1600786679759.45
Subj_05_MMH_One_R_04kg_Trial_2_EMG_data.csv,37950,1600786693396.0,1600786774065.42
Subj_05_MMH_One_R_04kg_Trial_3_EMG_data.csv,40150,1600786789480.0,1600786875786.63
Subj_05_MVC_All_L_EMG_data.csv,25650,1600789018077.0,1600789085831.44
Subj_05_MVC_All_R_EMG_data.csv,24750,1600789020675.0,1600789088172.82
Subj_06_Isokin_L_02kg_40bpm_EMG_data.csv,36000,1596540407976.0,1596540477003.38
Subj_06_Isokin_L_02kg_60bpm_EMG_data.csv,31500,1596540492214.0,1596540553058.75
Subj_06_Isokin_L_02kg_80bpm_EMG_data.csv,31350,1596540572963.0,1596540632875.1
Subj_06_Isokin_L_02kg_St_EMG_data.csv,18900,1596540352441.0,1596540389039.36
Subj_06_Isokin_L_04kg_40bpm_EMG_data.csv,35250,1596541205208.0,1596541273330.82
Subj_06_Isokin_L_04kg_60bpm_EMG_data.csv,32250,1596541299910.0,1596541362376.69
Subj_06_Isokin_L_04kg_80bpm_EMG_data.csv,31050,1596541388092.0,1596541448749.74
Subj_06_Isokin_L_04kg_St_EMG_data.csv,20700,1596541129916.0,1596541168928.76
Subj_06_Isokin_R_02kg_40bpm_EMG_data.csv,37350,1596540054849.0,1596540124075.96
Subj_06_Isokin_R_02kg_60bpm_EMG_data.csv,37050,1596540147572.0,1596540216550.44
Subj_06_Isokin_R_02kg_80bpm_EMG_data.csv,22461,1596540235420.0,1596540278475.64
Subj_06_Isokin_R_02kg_St_EMG_data.csv,19200,1596539909155.0,1596539943784.45
Subj_06_Isokin_R_04kg_40bpm_EMG_data.csv,35850,1596540782329.0,1596540849125.77
Subj_06_Isokin_R_04kg_60bpm_EMG_data.csv,33300,1596540941950.0,1596541004670.16
Subj_06_Isokin_R_04kg_80bpm_EMG_data.csv,33150,1596541042251.0,1596541104615.79
Subj_06_Isokin_R_04kg_St_EMG_data.csv,18450,1596540700914.0,1596540735996.83
Subj_06_MMH_Bim_L_02kg_Trial_1_EMG_data.csv,26811,1596536226003.0,1596536281665.17
Subj_06_MMH_Bim_L_02kg_Trial_2_EMG_data.csv,36300,1596536333533.0,1596536408966.86
Subj_06_MMH_Bim_L_02kg_Trial_3_EMG_data.csv,37950,1596536601266.0,1596536679387.57
Subj_06_MMH_Bim_L_08kg_Trial_1_EMG_data.csv,40950,1596536752762.0,1596536833950.19
Subj_06_MMH_Bim_L_08kg_Trial_2_EMG_data.csv,37800,1596536975641.0,1596537053693.72
Subj_06_MMH_Bim_L_08kg_Trial_3_EMG_data.csv,41400,1596537071681.0,1596537155853.58
Subj_06_MMH_Bim_L_12kg_Trial_1_EMG_data.csv,42750,1596537208639.0,1596537296401.78
Subj_06_MMH_Bim_L_12kg_Trial_2_EMG_data.csv,49595,1596537328693.0,1596537425628.93
Subj_06_MMH_Bim_L_12kg_Trial_3_EMG_data.csv,27045,1596537492378.0,1596537549338.1
Subj_06_MMH_Bim_R_02kg_Trial_1_EMG_data.csv,43950,1596536227820.0,1596536316415.43
Subj_06_MMH_Bim_R_02kg_Trial_2_EMG_data.csv,22796,1596536335438.0,1596536382691.99
Subj_06_MMH_Bim_R_02kg_Trial_3_EMG_data.csv,32114,1596536604293.0,1596536669773.41
Subj_06_MMH_Bim_R_08kg_Trial_1_EMG_data.csv,25746,1596536755267.0,1596536808246.64
Subj_06_MMH_Bim_R_08kg_Trial_2_EMG_data.csv,38550,1596536977721.0,1596537056531.87
Subj_06_MMH_Bim_R_08kg_Trial_3_EMG_data.csv,37350,1596537074289.0,1596537153135.88
Subj_06_MMH_Bim_R_12kg_Trial_1_EMG_data.csv,42600,1596537210947.0,1596537298422.63
Subj_06_MMH_Bim_R_12kg_Trial_2_EMG_data.csv,26547,1596537330784.0,1596537386578.56
Subj_06_MMH_Bim_R_12kg_Trial_3_EMG_data.csv,48900,1596537495782.0,1596537594451.49
Subj_06_MMH_One_L_02kg_Trial_1_EMG_data.csv,40650,1596538174318.0,1596538252658.63
Subj_06_MMH_One_L_02kg_Trial_2_EMG_data.csv,40050,1596538277816.0,1596538355890.04
Subj_06_MMH_One_L_02kg_Trial_3_EMG_data.csv,42600,1596538723346.0,1596538800109.48
Subj_06_MMH_One_L_04kg_Trial_1_EMG_data.csv,39165,1596539262460.0,1596539334706.87
Subj_06_MMH_One_L_04kg_Trial_2_EMG_data.csv,43200,1596539384661.0,1596539463760.73
Subj_06_MMH_One_L_04kg_Trial_3_EMG_data.csv,45300,1596539482965.0,1596539565213.21
Subj_06_MMH_One_R_02kg_Trial_1_EMG_data.csv,48150,1596537866871.0,1596537957879.19
Subj_06_MMH_One_R_02kg_Trial_2_EMG_data.csv,38550,1596537971357.0,1596538046111.57
Subj_06_MMH_One_R_02kg_Trial_3_EMG_data.csv,38700,1596538062106.0,1596538137935.63
Subj_06_MMH_One_R_04kg_Trial_1_EMG_data.csv,42150,1596538916486.0,1596538995597.7
Subj_06_MMH_One_R_04kg_Trial_2_EMG_data.csv,43950,1596539014565.0,1596539095123.86
Subj_06_MMH_One_R_04kg_Trial_3_EMG_data.csv,45600,1596539110940.0,1596539195992.82
Subj_06_MVC_All_L_EMG_data.csv,23550,1596541509381.0,1596541555812.08
Subj_06_MVC_All_R_EMG_data.csv,25500,1596541506950.0,1596541557337.92
Subj_07_Isokin_L_02kg_40bpm_EMG_data.csv,34350,1594916224186.0,1594916290259.19
Subj_07_Isokin_L_02kg_60bpm_EMG_data.csv,33450,1594916305101.0,1594916368822.32
Subj_07_Isokin_L_02kg_80bpm_EMG_data.csv,32100,1594916384004.0,1594916446031.24
Subj_07_Isokin_L_02kg_St_EMG_data.csv,17550,1594916154055.0,1594916188356.1
Subj_07_Isokin_L_04kg_40bpm_EMG_data.csv,33900,1594916881670.0,1594916949145.23
Subj_07_Isokin_L_04kg_60bpm_EMG_data.csv,33600,1594916965548.0,1594917031318.7
Subj_07_Isokin_L_04kg_80bpm_EMG_data.csv,35400,1594917193564.0,1594917262261.91
Subj_07_Isokin_L_04kg_St_EMG_data.csv,19114,1594916830910.0,1594916868716.04
Subj_07_Isokin_R_02kg_40bpm_EMG_data.csv,38250,1594915762021.0,1594915837099.6
Subj_07_Isokin_R_02kg_60bpm_EMG_data.csv,35850,1594915961397.0,1594916029567.86
Subj_07_Isokin_R_02kg_80bpm_EMG_data.csv,33600,1594916051537.0,1594916116938.57
Subj_07_Isokin_R_02kg_St_EMG_data.csv,15600,1594915642092.0,1594915671918.99
Subj_07_Isokin_R_04kg_40bpm_EMG_data.csv,34950,1594916551348.0,1594916619573.64
Subj_07_Isokin_R_04kg_60bpm_EMG_data.csv,33900,1594916649505.0,1594916715589.84
Subj_07_Isokin_R_04kg_80bpm_EMG_data.csv,33900,1594916736092.0,1594916802466.51
Subj_07_Isokin_R_04kg_St_EMG_data.csv,18600,1594916495417.0,1594916531307.26
Subj_07_MMH_Bim_L_02kg_Trial_1_EMG_data.csv,40650,1594911932608.0,1594912014064.79
Subj_07_MMH_Bim_L_02kg_Trial_2_EMG_data.csv,46900,1594912056975.0,1594912152261.49
Subj_07_MMH_Bim_L_02kg_Trial_3_EMG_data.csv,43000,1594912174960.0,1594912261314.93
Subj_07_MMH_Bim_L_08kg_Trial_1_EMG_data.csv,43900,1594912323522.0,1594912413720.73
Subj_07_MMH_Bim_L_08kg_Trial_2_EMG_data.csv,46950,1594912438650.0,1594912533499.36
Subj_07_MMH_Bim_L_08kg_Trial_3_EMG_data.csv,46500,1594912684723.0,1594912775870.58
Subj_07_MMH_Bim_L_12kg_Trial_1_EMG_data.csv,46750,1594912829279.0,1594912921921.0
Subj_07_MMH_Bim_L_12kg_Trial_2_EMG_data.csv,43200,1594913042038.0,1594913127613.36
Subj_07_MMH_Bim_L_12kg_Trial_3_EMG_data.csv,43800,1594913280447.0,1594913367264.4
Subj_07_MMH_Bim_R_02kg_Trial_1_EMG_data.csv,46200,1594911934957.0,1594912028482.91
Subj_07_MMH_Bim_R_02kg_Trial_2_EMG_data.csv,46150,1594912062649.0,1594912155600.48
Subj_07_MMH_Bim_R_02kg_Trial_3_EMG_data.csv,42250,1594912177625.0,1594912263309.19
Subj_07_MMH_Bim_R_08kg_Trial_1_EMG_data.csv,43450,1594912326049.0,1594912415842.89
Subj_07_MMH_Bim_R_08kg_Trial_2_EMG_data.csv,44550,1594912441008.0,1594912531443.78
Subj_07_MMH_Bim_R_08kg_Trial_3_EMG_data.csv,46350,1594912687747.0,1594912777898.97
Subj_07_MMH_Bim_R_12kg_Trial_1_EMG_data.csv,42000,1594912831739.0,1594912917008.45
Subj_07_MMH_Bim_R_12kg_Trial_2_EMG_data.csv,42900,1594913045481.0,1594913129728.94
Subj_07_MMH_Bim_R_12kg_Trial_3_EMG_data.csv,43050,1594913283407.0,1594913369683.67
Subj_07_MMH_One_L_02kg_Trial_1_EMG_data.csv,48100,1594913802396.0,1594913891712.65
Subj_07_MMH_One_L_02kg_Trial_2_EMG_data.csv,38700,1594913917001.0,1594913990600.9
Subj_07_MMH_One_L_02kg_Trial_3_EMG_data.csv,40500,1594914007140.0,1594914084034.71
Subj_07_MMH_One_L_04kg_Trial_1_EMG_data.csv,46650,1594914646938.0,1594914734097.37
Subj_07_MMH_One_L_04kg_Trial_2_EMG_data.csv,43600,1594915139556.0,1594915225146.71
Subj_07_MMH_One_L_04kg_Trial_3_EMG_data.csv,41550,1594915235532.0,1594915315434.7
Subj_07_MMH_One_R_02kg_Trial_1_EMG_data.csv,44950,1594913464709.0,1594913548604.29
Subj_07_MMH_One_R_02kg_Trial_2_EMG_data.csv,39750,1594913566154.0,1594913641188.0
Subj_07_MMH_One_R_02kg_Trial_3_EMG_data.csv,37950,1594913663206.0,1594913736018.79
Subj_07_MMH_One_R_04kg_Trial_1_EMG_data.csv,42600,1594914194197.0,1594914274361.33
Subj_07_MMH_One_R_04kg_Trial_2_EMG_data.csv,44350,1594914287953.0,1594914373099.62
Subj_07_MMH_One_R_04kg_Trial_3_EMG_data.csv,43050,1594914388456.0,1594914470738.87
Subj_07_MVC_All_L_EMG_data.csv,23250,1594917432414.0,1594917481295.93
Subj_07_MVC_All_R_EMG_data.csv,23400,1594917428976.0,1594917477230.72
Subj_08_Isokin_L_02kg_40bpm_EMG_data.csv,35550,1603990712311.0,1603990778062.76
Subj_08_Isokin_L_02kg_60bpm_EMG_data.csv,31050,1603990807175.0,1603990864194.18
Subj_08_Isokin_L_02kg_80bpm_EMG_data.csv,34650,1603990882381.0,1603990946062.07
Subj_08_Isokin_L_02kg_St_EMG_data.csv,16800,1603990657381.0,1603990688210.61
Subj_08_Isokin_L_04kg_40bpm_EMG_data.csv,39750,1603991327654.0,1603991399922.26
Subj_08_Isokin_L_04kg_60bpm_EMG_data.csv,31950,1603991465739.0,1603991523615.36
Subj_08_Isokin_L_04kg_80bpm_EMG_data.csv,32400,1603991543158.0,1603991601770.45
Subj_08_Isokin_L_04kg_St_EMG_data.csv,17100,1603991279095.0,1603991310028.49
Subj_08_Isokin_R_02kg_40bpm_EMG_data.csv,35700,1603990282102.0,1603990349159.64
Subj_08_Isokin_R_02kg_60bpm_EMG_data.csv,37500,1603990474430.0,1603990541966.65
Subj_08_Isokin_R_02kg_80bpm_EMG_data.csv,30150,1603990581369.0,1603990636750.12
Subj_08_Isokin_R_02kg_St_EMG_data.csv,16500,1603990200472.0,1603990230138.78
Subj_08_Isokin_R_04kg_40bpm_EMG_data.csv,34050,1603991049266.0,1603991110880.06
Subj_08_Isokin_R_04kg_60bpm_EMG_data.csv,33000,1603991132544.0,1603991192999.2
Subj_08_Isokin_R_04kg_80bpm_EMG_data.csv,28950,1603991215925.0,1603991269214.91
Subj_08_Isokin_R_04kg_St_EMG_data.csv,15900,1603990986036.0,1603991015338.14
Subj_08_MMH_Bim_L_02kg_Trial_1_EMG_data.csv,48900,1603986253044.0,1603986342449.42
Subj_08_MMH_Bim_L_02kg_Trial_2_EMG_data.csv,42600,1603986373264.0,1603986455529.16
Subj_08_MMH_Bim_L_02kg_Trial_3_EMG_data.csv,45300,1603986471345.0,1603986557253.85
Subj_08_MMH_Bim_L_08kg_Trial_1_EMG_data.csv,48900,1603986663995.0,1603986756755.07
Subj_08_MMH_Bim_L_08kg_Trial_2_EMG_data.csv,29359,1603986767899.0,1603986824163.72
Subj_08_MMH_Bim_L_08kg_Trial_3_EMG_data.csv,42150,1603986889228.0,1603986969759.76
Subj_08_MMH_Bim_L_12kg_Trial_1_EMG_data.csv,49500,1603987034450.0,1603987128191.15
Subj_08_MMH_Bim_L_12kg_Trial_2_EMG_data.csv,46800,1603987751351.0,1603987844000.68
Subj_08_MMH_Bim_L_12kg_Trial_3_EMG_data.csv,45150,1603987868323.0,1603987957617.93
Subj_08_MMH_Bim_R_02kg_Trial_1_EMG_data.csv,48000,1603986255383.0,1603986344490.52
Subj_08_MMH_Bim_R_02kg_Trial_2_EMG_data.csv,43200,1603986375416.0,1603986457795.73
Subj_08_MMH_Bim_R_02kg_Trial_3_EMG_data.csv,45600,1603986473701.0,1603986559254.79
Subj_08_MMH_Bim_R_08kg_Trial_1_EMG_data.csv,47850,1603986665865.0,1603986754600.6
Subj_08_MMH_Bim_R_08kg_Trial_2_EMG_data.csv,47400,1603986769335.0,1603986857131.93
Subj_08_MMH_Bim_R_08kg_Trial_3_EMG_data.csv,42150,1603986891221.0,1603986971958.56
Subj_08_MMH_Bim_R_12kg_Trial_1_EMG_data.csv,50250,1603987036126.0,1603987130490.09
Subj_08_MMH_Bim_R_12kg_Trial_2_EMG_data.csv,47550,1603987753872.0,1603987846392.88
Subj_08_MMH_Bim_R_12kg_Trial_3_EMG_data.csv,43200,1603987870571.0,1603987955408.1
Subj_08_MMH_One_L_02kg_Trial_1_EMG_data.csv,31095,1603988495328.0,1603988555952.19
Subj_08_MMH_One_L_02kg_Trial_2_EMG_data.csv,39300,1603988574943.0,1603988651564.54
Subj_08_MMH_One_L_02kg_Trial_3_EMG_data.csv,42000,1603988746291.0,1603988821624.66
Subj_08_MMH_One_L_04kg_Trial_1_EMG_data.csv,43950,1603989291315.0,1603989375511.24
Subj_08_MMH_One_L_04kg_Trial_2_EMG_data.csv,41400,1603989886661.0,1603989962444.62
Subj_08_MMH_One_L_04kg_Trial_3_EMG_data.csv,38700,1603989968925.0,1603990041599.0
Subj_08_MMH_One_R_02kg_Trial_1_EMG_data.csv,42150,1603988207032.0,1603988286164.28
Subj_08_MMH_One_R_02kg_Trial_2_EMG_data.csv,41700,1603988303403.0,1603988383461.82
Subj_08_MMH_One_R_02kg_Trial_3_EMG_data.csv,41850,1603988408673.0,1603988488549.83
Subj_08_MMH_One_R_04kg_Trial_1_EMG_data.csv,48450,1603988898141.0,1603988990130.23
Subj_08_MMH_One_R_04kg_Trial_2_EMG_data.csv,43500,1603989078873.0,1603989161612.43
Subj_08_MMH_One_R_04kg_Trial_3_EMG_data.csv,39900,1603989173782.0,1603989249654.39
Subj_08_MVC_All_L_EMG_data.csv,26100,1603991649558.0,1603991700016.49
Subj_08_MVC_All_R_EMG_data.csv,23850,1603991652127.0,1603991697979.26
Subj_09_Isokin_L_02kg_40bpm_EMG_data.csv,37800,1594743268661.0,1594743343068.55
Subj_09_Isokin_L_02kg_60bpm_EMG_data.csv,32850,1594743356514.0,1594743421674.68
Subj_09_Isokin_L_02kg_80bpm_EMG_data.csv,30900,1594743438808.0,1594743499663.04
Subj_09_Isokin_L_02kg_St_EMG_data.csv,23950,1594743109709.0,1594743158004.59
Subj_09_Isokin_L_04kg_40bpm_EMG_data.csv,33450,1594744308369.0,1594744375054.68
Subj_09_Isokin_L_04kg_60bpm_EMG_data.csv,32250,1594744470904.0,1594744535842.9
Subj_09_Isokin_L_04kg_80bpm_EMG_data.csv,31200,1594744605006.0,1594744668599.86
Subj_09_Isokin_L_04kg_St_EMG_data.csv,17700,1594744189106.0,1594744223851.52
Subj_09_Isokin_R_02kg_40bpm_EMG_data.csv,38700,1594742761695.0,1594742837175.06
Subj_09_Isokin_R_02kg_60bpm_EMG_data.csv,38700,1594742853632.0,1594742931899.22
Subj_09_Isokin_R_02kg_80bpm_EMG_data.csv,36600,1594742966769.0,1594743038349.71
Subj_09_Isokin_R_02kg_St_EMG_data.csv,26500,1594742696589.0,1594742747523.24
Subj_09_Isokin_R_04kg_40bpm_EMG_data.csv,34200,1594743702326.0,1594743771216.61
Subj_09_Isokin_R_04kg_60bpm_EMG_data.csv,32550,1594743880932.0,1594743946610.1
Subj_09_Isokin_R_04kg_80bpm_EMG_data.csv,30300,1594744003192.0,1594744065210.27
Subj_09_Isokin_R_04kg_St_EMG_data.csv,19600,1594743611735.0,1594743650956.92
Subj_09_MMH_Bim_L_02kg_Trial_1_EMG_data.csv,50100,1594739080225.0,1594739175616.14
Subj_09_MMH_Bim_L_02kg_Trial_2_EMG_data.csv,44050,1594739216139.0,1594739300677.38
Subj_09_MMH_Bim_L_02kg_Trial_3_EMG_data.csv,40350,1594739306967.0,1594739384630.94
Subj_09_MMH_Bim_L_08kg_Trial_1_EMG_data.csv,43500,1594739431611.0,1594739515253.12
Subj_09_MMH_Bim_L_08kg_Trial_2_EMG_data.csv,43500,1594739546550.0,1594739632401.05
Subj_09_MMH_Bim_L_08kg_Trial_3_EMG_data.csv,48100,1594739859070.0,1594739958145.02
Subj_09_MMH_Bim_L_12kg_Trial_1_EMG_data.csv,42000,1594740044366.0,1594740129461.14
Subj_09_MMH_Bim_L_12kg_Trial_2_EMG_data.csv,43050,1594740188041.0,1594740273718.6
Subj_09_MMH_Bim_L_12kg_Trial_3_EMG_data.csv,43450,1594740525776.0,1594740613533.22
Subj_09_MMH_Bim_R_02kg_Trial_1_EMG_data.csv,50550,1594739082715.0,1594739178123.77
Subj_09_MMH_Bim_R_02kg_Trial_2_EMG_data.csv,40350,1594739219656.0,1594739295369.48
Subj_09_MMH_Bim_R_02kg_Trial_3_EMG_data.csv,40500,1594739309202.0,1594739387579.83
Subj_09_MMH_Bim_R_08kg_Trial_1_EMG_data.csv,43050,1594739433969.0,1594739517817.86
Subj_09_MMH_Bim_R_08kg_Trial_2_EMG_data.csv,42750,1594739553882.0,1594739636029.8
Subj_09_MMH_Bim_R_08kg_Trial_3_EMG_data.csv,46450,1594739862026.0,1594739955525.02
Subj_09_MMH_Bim_R_12kg_Trial_1_EMG_data.csv,42150,1594740049383.0,1594740132013.97
Subj_09_MMH_Bim_R_12kg_Trial_2_EMG_data.csv,41550,1594740192594.0,1594740276868.68
Subj_09_MMH_Bim_R_12kg_Trial_3_EMG_data.csv,43000,1594740529528.0,1594740616103.38
Subj_09_MMH_One_L_02kg_Trial_1_EMG_data.csv,43800,1594741177770.0,1594741258053.91
Subj_09_MMH_One_L_02kg_Trial_2_EMG_data.csv,43050,1594741302897.0,1594741382300.12
Subj_09_MMH_One_L_02kg_Trial_3_EMG_data.csv,46000,1594741411630.0,1594741495609.62
Subj_09_MMH_One_L_04kg_Trial_1_EMG_data.csv,44700,1594742153708.0,1594742236143.61
Subj_09_MMH_One_L_04kg_Trial_2_EMG_data.csv,43500,1594742282684.0,1594742362609.16
Subj_09_MMH_One_L_04kg_Trial_3_EMG_data.csv,43350,1594742399997.0,1594742480101.63
Subj_09_MMH_One_R_02kg_Trial_1_EMG_data.csv,48150,1594740753560.0,1594740843627.78
Subj_09_MMH_One_R_02kg_Trial_2_EMG_data.csv,41700,1594740872006.0,1594740951983.38
Subj_09_MMH_One_R_02kg_Trial_3_EMG_data.csv,42600,1594741076503.0,1594741154441.7
Subj_09_MMH_One_R_04kg_Trial_1_EMG_data.csv,45600,1594741714943.0,1594741797813.84
Subj_09_MMH_One_R_04kg_Trial_2_EMG_data.csv,45100,1594741877555.0,1594741961477.02
Subj_09_MMH_One_R_04kg_Trial_3_EMG_data.csv,45450,1594741985238.0,1594742069888.98
Subj_09_MVC_All_L_EMG_data.csv,21300,1594744782305.0,1594744828002.17
Subj_09_MVC_All_R_EMG_data.csv,22650,1594744777224.0,1594744825684.9
Subj_10_Isokin_L_02kg_40bpm_EMG_data.csv,36450,1603904578425.0,1603904640502.2
Subj_10_Isokin_L_02kg_60bpm_EMG_data.csv,35400,1603904651662.0,1603904713342.34
Subj_10_Isokin_L_02kg_80bpm_EMG_data.csv,32400,1603904724539.0,1603904780477.9
Subj_10_Isokin_L_02kg_St_EMG_data.csv,16500,1603904540561.0,1603904568278.19
Subj_10_Isokin_L_04kg_40bpm_EMG_data.csv,37500,1603905186524.0,1603905250774.0
Subj_10_Isokin_L_04kg_60bpm_EMG_data.csv,33600,1603905261975.0,1603905321134.18
Subj_10_Isokin_L_04kg_80bpm_EMG_data.csv,30900,1603905336904.0,1603905390645.33
Subj_10_Isokin_L_04kg_St_EMG_data.csv,17700,1603905127864.0,1603905158176.13
Subj_10_Isokin_R_02kg_40bpm_EMG_data.csv,36900,1603904280644.0,1603904343992.09
Subj_10_Isokin_R_02kg_60bpm_EMG_data.csv,32700,1603904386879.0,1603904442848.89
Subj_10_Isokin_R_02kg_80bpm_EMG_data.csv,33300,1603904464825.0,1603904521895.06
Subj_10_Isokin_R_02kg_St_EMG_data.csv,15900,1603904155342.0,1603904181977.48
Subj_10_Isokin_R_04kg_40bpm_EMG_data.csv,37536,1603904870215.0,1603904934838.25
Subj_10_Isokin_R_04kg_60bpm_EMG_data.csv,37350,1603904952092.0,1603905016230.88
Subj_10_Isokin_R_04kg_80bpm_EMG_data.csv,31650,1603905036418.0,1603905091154.7
Subj_10_Isokin_R_04kg_St_EMG_data.csv,17700,1603904821381.0,1603904851001.76
Subj_10_MMH_Bim_L_02kg_Trial_1_EMG_data.csv,43050,1603901600292.0,1603901681923.25
Subj_10_MMH_Bim_L_02kg_Trial_2_EMG_data.csv,37050,1603901737715.0,1603901808023.08
Subj_10_MMH_Bim_L_02kg_Trial_3_EMG_data.csv,34800,1603901821598.0,1603901887942.09
Subj_10_MMH_Bim_L_08kg_Trial_1_EMG_data.csv,36750,1603902000434.0,1603902068907.72
Subj_10_MMH_Bim_L_08kg_Trial_2_EMG_data.csv,38950,1603902104040.0,1603902178143.9
Subj_10_MMH_Bim_L_08kg_Trial_3_EMG_data.csv,34500,1603902185758.0,1603902250460.47
Subj_10_MMH_Bim_L_12kg_Trial_1_EMG_data.csv,37200,1603902314112.0,1603902382352.55
Subj_10_MMH_Bim_L_12kg_Trial_2_EMG_data.csv,37200,1603902400271.0,1603902470100.86
Subj_10_MMH_Bim_L_12kg_Trial_3_EMG_data.csv,34950,1603902494824.0,1603902561812.43
Subj_10_MMH_Bim_R_02kg_Trial_1_EMG_data.csv,42900,1603901605283.0,1603901684315.19
Subj_10_MMH_Bim_R_02kg_Trial_2_EMG_data.csv,36900,1603901739699.0,1603901809632.33
Subj_10_MMH_Bim_R_02kg_Trial_3_EMG_data.csv,34500,1603901823993.0,1603901890161.0
Subj_10_MMH_Bim_R_08kg_Trial_1_EMG_data.csv,37050,1603902002464.0,1603902072310.77
Subj_10_MMH_Bim_R_08kg_Trial_2_EMG_data.csv,38950,1603902106285.0,1603902180170.19
Subj_10_MMH_Bim_R_08kg_Trial_3_EMG_data.csv,34650,1603902187973.0,1603902253295.16
Subj_10_MMH_Bim_R_12kg_Trial_1_EMG_data.csv,37350,1603902316273.0,1603902384314.56
Subj_10_MMH_Bim_R_12kg_Trial_2_EMG_data.csv,36600,1603902398670.0,1603902467713.08
Subj_10_MMH_Bim_R_12kg_Trial_3_EMG_data.csv,36600,1603902496483.0,1603902564355.56
Subj_10_MMH_One_L_02kg_Trial_1_EMG_data.csv,38700,1603902927386.0,1603902994646.3
Subj_10_MMH_One_L_02kg_Trial_2_EMG_data.csv,35850,1603903032333.0,1603903093983.48
Subj_10_MMH_One_L_02kg_Trial_3_EMG_data.csv,37950,1603903104888.0,1603903170177.7
Subj_10_MMH_One_L_04kg_Trial_1_EMG_data.csv,43500,1603903532571.0,1603903607239.33
Subj_10_MMH_One_L_04kg_Trial_2_EMG_data.csv,37950,1603903667739.0,1603903733371.5
Subj_10_MMH_One_L_04kg_Trial_3_EMG_data.csv,40650,1603903747543.0,1603903819254.35
Subj_10_MMH_One_R_02kg_Trial_1_EMG_data.csv,33300,1603902693116.0,1603902753015.18
Subj_10_MMH_One_R_02kg_Trial_2_EMG_data.csv,35100,1603902763712.0,1603902825717.95
Subj_10_MMH_One_R_02kg_Trial_3_EMG_data.csv,34800,1603902844942.0,1603902908541.93
Subj_10_MMH_One_R_04kg_Trial_1_EMG_data.csv,39450,1603903238304.0,1603903304739.35
Subj_10_MMH_One_R_04kg_Trial_2_EMG_data.csv,36450,1603903365545.0,1603903427088.28
Subj_10_MMH_One_R_04kg_Trial_3_EMG_data.csv,39000,1603903440401.0,1603903507078.25
Subj_10_MVC_All_L_EMG_data.csv,25800,1603905482975.0,1603905531404.81
Subj_10_MVC_All_R_EMG_data.csv,26400,1603905485245.0,1603905533737.69
Subj_11_Isokin_L_02kg_40bpm_EMG_data.csv,66000,1576153955024.0,1576154021361.37
Subj_11_Isokin_L_02kg_60bpm_EMG_data.csv,53550,1576154054337.0,1576154107886.0
Subj_11_Isokin_L_02kg_80bpm_EMG_data.csv,48750,1576154123231.0,1576154171896.69
Subj_11_Isokin_L_02kg_St_EMG_data.csv,45300,1576153882242.0,1576153927364.05
Subj_11_Isokin_L_04kg_40bpm_EMG_data.csv,59550,1576154694641.0,1576154754306.31
Subj_11_Isokin_L_04kg_60bpm_EMG_data.csv,51750,1576154847573.0,1576154899271.46
Subj_11_Isokin_L_04kg_80bpm_EMG_data.csv,59250,1576154976383.0,1576155035458.42
Subj_11_Isokin_L_04kg_St_EMG_data.csv,32700,1576154629244.0,1576154662461.91
Subj_11_Isokin_R_02kg_40bpm_EMG_data.csv,47850,1576153515962.0,1576153569932.31
Subj_11_Isokin_R_02kg_60bpm_EMG_data.csv,53850,1576153672129.0,1576153725978.0
Subj_11_Isokin_R_02kg_80bpm_EMG_data.csv,58650,1576153741637.0,1576153800257.36
Subj_11_Isokin_R_02kg_St_EMG_data.csv,36900,1576153378184.0,1576153415055.97
Subj_11_Isokin_R_04kg_40bpm_EMG_data.csv,57450,1576154351586.0,1576154409020.97
Subj_11_Isokin_R_04kg_60bpm_EMG_data.csv,59700,1576154435951.0,1576154495897.77
Subj_11_Isokin_R_04kg_80bpm_EMG_data.csv,48600,1576154523221.0,1576154571914.92
Subj_11_Isokin_R_04kg_St_EMG_data.csv,37500,1576154291766.0,1576154329091.05
Subj_11_MMH_Bim_L_02kg_Trial_1_EMG_data.csv,82650,1576170932297.0,1576171025478.9
Subj_11_MMH_Bim_L_02kg_Trial_2_EMG_data.csv,88050,1576171229009.0,1576171317294.46
Subj_11_MMH_Bim_L_02kg_Trial_3_EMG_data.csv,86550,1576171442862.0,1576171529643.43
Subj_11_MMH_Bim_L_08kg_Trial_1_EMG_data.csv,89850,1576171814748.0,1576171904509.26
Subj_11_MMH_Bim_L_08kg_Trial_2_EMG_data.csv,85500,1576171935559.0,1576172020974.5
Subj_11_MMH_Bim_L_08kg_Trial_3_EMG_data.csv,93300,1576172233912.0,1576172327188.22
Subj_11_MMH_Bim_L_12kg_Trial_1_EMG_data.csv,75150,1576172381558.0,1576172456523.53
Subj_11_MMH_Bim_L_12kg_Trial_2_EMG_data.csv,78600,1576172573165.0,1576172651859.95
Subj_11_MMH_Bim_L_12kg_Trial_3_EMG_data.csv,79650,1576172710281.0,1576172789735.54
Subj_11_MMH_Bim_R_02kg_Trial_1_EMG_data.csv,84450,1576170935419.0,1576171027001.63
Subj_11_MMH_Bim_R_02kg_Trial_2_EMG_data.csv,86700,1576171229009.0,1576171315559.83
Subj_11_MMH_Bim_R_02kg_Trial_3_EMG_data.csv,86550,1576171442874.0,1576171531176.8
Subj_11_MMH_Bim_R_08kg_Trial_1_EMG_data.csv,89700,1576171814742.0,1576171906521.42
Subj_11_MMH_Bim_R_08kg_Trial_2_EMG_data.csv,83550,1576171935546.0,1576172021828.29
Subj_11_MMH_Bim_R_08kg_Trial_3_EMG_data.csv,95250,1576172233907.0,1576172329132.75
Subj_11_MMH_Bim_R_12kg_Trial_1_EMG_data.csv,76350,1576172381543.0,1576172457817.44
Subj_11_MMH_Bim_R_12kg_Trial_2_EMG_data.csv,71250,1576172576906.0,1576172650712.03
Subj_11_MMH_Bim_R_12kg_Trial_3_EMG_data.csv,80400,1576172710298.0,1576172790873.66
Subj_11_MMH_One_L_02kg_Trial_1_EMG_data.csv,83250,1576258818100.0,1576258903076.58
Subj_11_MMH_One_L_02kg_Trial_2_EMG_data.csv,82200,1576258926872.0,1576259013365.58
Subj_11_MMH_One_L_02kg_Trial_3_EMG_data.csv,84150,1576259065160.0,1576259149925.33
Subj_11_MMH_One_L_04kg_Trial_1_EMG_data.csv,90850,1576259690876.0,1576259784320.05
Subj_11_MMH_One_L_04kg_Trial_2_EMG_data.csv,86700,1576259874977.0,1576259961676.0
Subj_11_MMH_One_L_04kg_Trial_3_EMG_data.csv,93000,1576260008026.0,1576260100888.77
Subj_11_MMH_One_R_02kg_Trial_1_EMG_data.csv,96900,1576258159767.0,1576258256571.37
Subj_11_MMH_One_R_02kg_Trial_2_EMG_data.csv,91350,1576258562415.0,1576258653496.38
Subj_11_MMH_One_R_02kg_Trial_3_EMG_data.csv,89100,1576258686580.0,1576258777332.2
Subj_11_MMH_One_R_04kg_Trial_1_EMG_data.csv,84000,1576259329466.0,1576259413588.05
Subj_11_MMH_One_R_04kg_Trial_2_EMG_data.csv,82500,1576259438049.0,1576259522179.45
Subj_11_MMH_One_R_04kg_Trial_3_EMG_data.csv,86100,1576259547163.0,1576259636162.8
Subj_11_MVC_Isokin_L_EMG_data.csv,24900,1576172864848.0,1576172889607.19
Subj_11_MVC_Isokin_R_EMG_data.csv,9750,1576172910904.0,1576172920600.64
Subj_11_MVC_MMH_Bim_L_EMG_data.csv,24900,1576172864848.0,1576172889607.19
Subj_11_MVC_MMH_Bim_R_EMG_data.csv,9750,1576172910904.0,1576172920600.64
Subj_11_MVC_MMH_One_L_EMG_data.csv,10350,1576260178674.0,1576260189091.22
Subj_11_MVC_MMH_One_R_EMG_data.csv,19800,1576260150165.0,1576260170142.85
Subj_12_Isokin_L_02kg_40bpm_EMG_data.csv,33150,1603467461827.0,1603467526635.88
Subj_12_Isokin_L_02kg_60bpm_EMG_data.csv,30042,1603467549578.0,1603467608251.83
Subj_12_Isokin_L_02kg_St_EMG_data.csv,16800,1603467379976.0,1603467411117.31
Subj_12_Isokin_L_04kg_40bpm_EMG_data.csv,31050,1603468228602.0,1603468287660.29
Subj_12_Isokin_L_04kg_60bpm_EMG_data.csv,35400,1603468315362.0,1603468383783.36
Subj_12_Isokin_L_04kg_80bpm_EMG_data.csv,29250,1603468421732.0,1603468477709.27
Subj_12_Isokin_L_04kg_St_EMG_data.csv,19350,1603468149271.0,1603468186244.78
Subj_12_Isokin_R_02kg_40bpm_EMG_data.csv,34200,1603467029983.0,1603467094857.57
Subj_12_Isokin_R_02kg_60bpm_EMG_data.csv,32250,1603467176488.0,1603467236537.59
Subj_12_Isokin_R_02kg_80bpm_EMG_data.csv,29850,1603467295789.0,1603467352222.27
Subj_12_Isokin_R_02kg_St_EMG_data.csv,15900,1603466895160.0,1603466924178.78
Subj_12_Isokin_R_04kg_40bpm_EMG_data.csv,18126,1603467840591.0,1603467874579.8
Subj_12_Isokin_R_04kg_60bpm_EMG_data.csv,31050,1603467942781.0,1603468000641.6
Subj_12_Isokin_R_04kg_80bpm_EMG_data.csv,26102,1603468029277.0,1603468077974.23
Subj_12_Isokin_R_04kg_St_EMG_data.csv,18150,1603467767257.0,1603467801042.68
Subj_12_MMH_Bim_L_02kg_Trial_1_EMG_data.csv,36228,1603464024235.0,1603464097564.6
Subj_12_MMH_Bim_L_02kg_Trial_2_EMG_data.csv,42750,1603464149779.0,1603464228346.99
Subj_12_MMH_Bim_L_02kg_Trial_3_EMG_data.csv,38550,1603464241293.0,1603464315191.13
Subj_12_MMH_Bim_L_08kg_Trial_1_EMG_data.csv,41250,1603464374728.0,1603464454517.02
Subj_12_MMH_Bim_L_08kg_Trial_2_EMG_data.csv,40200,1603464476932.0,1603464554140.38
Subj_12_MMH_Bim_L_08kg_Trial_3_EMG_data.csv,44250,1603464572267.0,1603464657686.15
Subj_12_MMH_Bim_L_12kg_Trial_1_EMG_data.csv,41850,1603464712127.0,1603464791564.49
Subj_12_MMH_Bim_L_12kg_Trial_2_EMG_data.csv,43950,1603464808139.0,1603464892388.89
Subj_12_MMH_Bim_L_12kg_Trial_3_EMG_data.csv,44400,1603464921339.0,1603465002126.54
Subj_12_MMH_Bim_R_02kg_Trial_1_EMG_data.csv,53850,1603464031249.0,1603464130178.13
Subj_12_MMH_Bim_R_02kg_Trial_2_EMG_data.csv,42900,1603464153000.0,1603464231822.72
Subj_12_MMH_Bim_R_02kg_Trial_3_EMG_data.csv,39600,1603464244532.0,1603464318296.74
Subj_12_MMH_Bim_R_08kg_Trial_1_EMG_data.csv,40350,1603464383657.0,1603464457853.45
Subj_12_MMH_Bim_R_08kg_Trial_2_EMG_data.csv,39600,1603464481611.0,1603464556332.84
Subj_12_MMH_Bim_R_08kg_Trial_3_EMG_data.csv,42600,1603464578802.0,1603464660443.15
Subj_12_MMH_Bim_R_12kg_Trial_1_EMG_data.csv,42150,1603464714727.0,1603464793735.79
Subj_12_MMH_Bim_R_12kg_Trial_2_EMG_data.csv,46500,1603464810426.0,1603464895500.1
Subj_12_MMH_Bim_R_12kg_Trial_3_EMG_data.csv,42300,1603464923770.0,1603465005373.2
Subj_12_MMH_One_L_02kg_Trial_1_EMG_data.csv,49500,1603465643388.0,1603465729129.07
Subj_12_MMH_One_L_02kg_Trial_2_EMG_data.csv,40650,1603465752500.0,1603465823973.17
Subj_12_MMH_One_L_02kg_Trial_3_EMG_data.csv,43650,1603465861242.0,1603465937585.12
Subj_12_MMH_One_L_04kg_Trial_1_EMG_data.csv,44850,1603466020808.0,1603466098308.3
Subj_12_MMH_One_L_04kg_Trial_2_EMG_data.csv,40950,1603466118897.0,1603466190677.72
Subj_12_MMH_One_L_04kg_Trial_3_EMG_data.csv,43500,1603466216030.0,1603466290793.91
Subj_12_MMH_One_R_02kg_Trial_1_EMG_data.csv,46050,1603465292954.0,1603465371516.11
Subj_12_MMH_One_R_02kg_Trial_2_EMG_data.csv,39300,1603465413763.0,1603465481145.05
Subj_12_MMH_One_R_02kg_Trial_3_EMG_data.csv,37650,1603465544191.0,1603465610141.09
Subj_12_MMH_One_R_04kg_Trial_1_EMG_data.csv,41100,1603466387634.0,1603466464473.88
Subj_12_MMH_One_R_04kg_Trial_2_EMG_data.csv,39300,1603466500766.0,1603466576303.36
Subj_12_MMH_One_R_04kg_Trial_3_EMG_data.csv,40950,1603466592046.0,1603466671594.63
Subj_12_MVC_All_L_EMG_data.csv,27300,1603468602116.0,1603468654594.6
Subj_12_MVC_All_R_EMG_data.csv,26250,1603468606699.0,1603468657396.23
Subj_13_Isokin_L_02kg_40bpm_EMG_data.csv,62550,1593102308574.0,1593102392166.1
Subj_13_Isokin_L_02kg_60bpm_EMG_data.csv,50850,1593102451593.0,1593102524067.72
Subj_13_Isokin_L_02kg_80bpm_EMG_data.csv,53550,1593102540569.0,1593102612891.53
Subj_13_Isokin_L_02kg_St_EMG_data.csv,37350,1593102223153.0,1593102265526.24
Subj_13_Isokin_L_04kg_40bpm_EMG_data.csv,56250,1593103299260.0,1593103376149.2
Subj_13_Isokin_L_04kg_60bpm_EMG_data.csv,49950,1593103400940.0,1593103470790.55
Subj_13_Isokin_L_04kg_80bpm_EMG_data.csv,51600,1593103486088.0,1593103557275.98
Subj_13_Isokin_L_04kg_St_EMG_data.csv,32850,1593103239112.0,1593103281897.5
Subj_13_Isokin_R_02kg_40bpm_EMG_data.csv,60750,1593101702755.0,1593101788509.57
Subj_13_Isokin_R_02kg_60bpm_EMG_data.csv,56400,1593101925155.0,1593102001808.62
Subj_13_Isokin_R_02kg_80bpm_EMG_data.csv,62250,1593102063746.0,1593102147013.16
Subj_13_Isokin_R_02kg_St_EMG_data.csv,28800,1593101553556.0,1593101590982.04
Subj_13_Isokin_R_04kg_40bpm_EMG_data.csv,61800,1593102862969.0,1593102946886.49
Subj_13_Isokin_R_04kg_60bpm_EMG_data.csv,50550,1593103007188.0,1593103077297.59
Subj_13_Isokin_R_04kg_80bpm_EMG_data.csv,51000,1593103092420.0,1593103164896.85
Subj_13_Isokin_R_04kg_St_EMG_data.csv,31350,1593102797535.0,1593102836866.67
Subj_13_MMH_Bim_L_02kg_Trial_1_EMG_data.csv,67350,1593097653228.0,1593097756800.11
Subj_13_MMH_Bim_L_02kg_Trial_2_EMG_data.csv,64650,1593097784792.0,1593097876588.53
Subj_13_MMH_Bim_L_02kg_Trial_3_EMG_data.csv,59550,1593097953800.0,1593098037482.63
Subj_13_MMH_Bim_L_08kg_Trial_1_EMG_data.csv,62400,1593098104897.0,1593098196941.62
Subj_13_MMH_Bim_L_08kg_Trial_2_EMG_data.csv,55950,1593098224766.0,1593098307856.28
Subj_13_MMH_Bim_L_08kg_Trial_3_EMG_data.csv,54000,1593098343507.0,1593098423094.88
Subj_13_MMH_Bim_L_12kg_Trial_1_EMG_data.csv,59100,1593098506797.0,1593098594926.08
Subj_13_MMH_Bim_L_12kg_Trial_2_EMG_data.csv,56400,1593098643175.0,1593098728131.5
Subj_13_MMH_Bim_L_12kg_Trial_3_EMG_data.csv,70950,1593098791372.0,1593098873233.57
Subj_13_MMH_Bim_R_02kg_Trial_1_EMG_data.csv,66300,1593097660227.0,1593097755208.09
Subj_13_MMH_Bim_R_02kg_Trial_2_EMG_data.csv,59250,1593097791614.0,1593097875034.16
Subj_13_MMH_Bim_R_02kg_Trial_3_EMG_data.csv,55500,1593097955705.0,1593098036094.54
Subj_13_MMH_Bim_R_08kg_Trial_1_EMG_data.csv,55350,1593098109590.0,1593098195816.07
Subj_13_MMH_Bim_R_08kg_Trial_2_EMG_data.csv,52650,1593098228337.0,1593098306693.52
Subj_13_MMH_Bim_R_08kg_Trial_3_EMG_data.csv,53400,1593098348040.0,1593098426521.93
Subj_13_MMH_Bim_R_12kg_Trial_1_EMG_data.csv,57900,1593098511420.0,1593098598254.36
Subj_13_MMH_Bim_R_12kg_Trial_2_EMG_data.csv,50689,1593098648947.0,1593098730696.25
Subj_13_MMH_Bim_R_12kg_Trial_3_EMG_data.csv,70650,1593098796370.0,1593098875694.89
Subj_13_MMH_One_L_02kg_Trial_1_EMG_data.csv,59850,1593099800280.0,1593099884661.83
Subj_13_MMH_One_L_02kg_Trial_2_EMG_data.csv,55500,1593099927247.0,1593100005062.13
Subj_13_MMH_One_L_02kg_Trial_3_EMG_data.csv,57000,1593100035276.0,1593100110518.58
Subj_13_MMH_One_L_04kg_Trial_1_EMG_data.csv,51900,1593100745580.0,1593100820425.55
Subj_13_MMH_One_L_04kg_Trial_2_EMG_data.csv,55950,1593100958326.0,1593101034053.85
Subj_13_MMH_One_L_04kg_Trial_3_EMG_data.csv,57000,1593101136436.0,1593101215644.57
Subj_13_MMH_One_R_02kg_Trial_1_EMG_data.csv,64500,1593099265688.0,1593099348453.32
Subj_13_MMH_One_R_02kg_Trial_2_EMG_data.csv,59550,1593099387915.0,1593099467483.28
Subj_13_MMH_One_R_02kg_Trial_3_EMG_data.csv,60450,1593099487573.0,1593099571354.49
Subj_13_MMH_One_R_04kg_Trial_1_EMG_data.csv,56850,1593100336469.0,1593100415330.33
Subj_13_MMH_One_R_04kg_Trial_2_EMG_data.csv,53550,1593100481277.0,1593100556776.38
Subj_13_MMH_One_R_04kg_Trial_3_EMG_data.csv,54150,1593100584318.0,1593100660002.33
Subj_13_MVC_All_L_EMG_data.csv,33450,1593103621186.0,1593103674095.2
Subj_13_MVC_All_R_EMG_data.csv,31200,1593103625352.0,1593103673133.09
Subj_14_Isokin_L_02kg_40bpm_EMG_data.csv,32100,1604075693639.0,1604075757719.45
Subj_14_Isokin_L_02kg_60bpm_EMG_data.csv,35700,1604076052246.0,1604076118057.32
Subj_14_Isokin_L_02kg_80bpm_EMG_data.csv,31350,1604076137327.0,1604076196136.99
Subj_14_Isokin_L_02kg_St_EMG_data.csv,16950,1604075637418.0,1604075670041.51
Subj_14_Isokin_L_04kg_40bpm_EMG_data.csv,31800,1604076614067.0,1604076677851.32
Subj_14_Isokin_L_04kg_60bpm_EMG_data.csv,27450,1604076704582.0,1604076760264.07
Subj_14_Isokin_L_04kg_80bpm_EMG_data.csv,26400,1604076781293.0,1604076836172.76
Subj_14_Isokin_L_04kg_St_EMG_data.csv,15300,1604076549322.0,1604076580181.46
Subj_14_Isokin_R_02kg_40bpm_EMG_data.csv,33900,1604075352293.0,1604075417401.26
Subj_14_Isokin_R_02kg_60bpm_EMG_data.csv,29700,1604075445363.0,1604075503615.38
Subj_14_Isokin_R_02kg_80bpm_EMG_data.csv,31500,1604075547561.0,1604075608690.28
Subj_14_Isokin_R_02kg_St_EMG_data.csv,15000,1604075295907.0,1604075323872.66
Subj_14_Isokin_R_04kg_40bpm_EMG_data.csv,30150,1604076306380.0,1604076367075.47
Subj_14_Isokin_R_04kg_60bpm_EMG_data.csv,29850,1604076391535.0,1604076451480.77
Subj_14_Isokin_R_04kg_80bpm_EMG_data.csv,26700,1604076479777.0,1604076534465.63
Subj_14_Isokin_R_04kg_St_EMG_data.csv,15450,1604076251695.0,1604076280435.57
Subj_14_MMH_Bim_L_02kg_Trial_1_EMG_data.csv,34950,1604073128945.0,1604073200003.42
Subj_14_MMH_Bim_L_02kg_Trial_2_EMG_data.csv,33750,1604073211503.0,1604073280212.21
Subj_14_MMH_Bim_L_02kg_Trial_3_EMG_data.csv,34650,1604073286149.0,1604073354660.29
Subj_14_MMH_Bim_L_08kg_Trial_1_EMG_data.csv,38100,1604073385564.0,1604073461185.31
Subj_14_MMH_Bim_L_08kg_Trial_2_EMG_data.csv,38250,1604073466914.0,1604073545279.63
Subj_14_MMH_Bim_L_08kg_Trial_3_EMG_data.csv,38700,1604073602342.0,1604073683188.52
Subj_14_MMH_Bim_L_12kg_Trial_1_EMG_data.csv,28893,1604073727235.0,1604073786330.99
Subj_14_MMH_Bim_L_12kg_Trial_2_EMG_data.csv,40350,1604073832549.0,1604073915877.17
Subj_14_MMH_Bim_L_12kg_Trial_3_EMG_data.csv,37350,1604073924185.0,1604074000533.43
Subj_14_MMH_Bim_R_02kg_Trial_1_EMG_data.csv,35700,1604073130425.0,1604073202345.93
Subj_14_MMH_Bim_R_02kg_Trial_2_EMG_data.csv,34500,1604073213329.0,1604073282293.31
Subj_14_MMH_Bim_R_02kg_Trial_3_EMG_data.csv,35550,1604073287592.0,1604073357179.86
Subj_14_MMH_Bim_R_08kg_Trial_1_EMG_data.csv,38100,1604073387272.0,1604073463125.84
Subj_14_MMH_Bim_R_08kg_Trial_2_EMG_data.csv,39300,1604073468225.0,1604073547609.75
Subj_14_MMH_Bim_R_08kg_Trial_3_EMG_data.csv,40500,1604073604038.0,1604073685550.15
Subj_14_MMH_Bim_R_12kg_Trial_1_EMG_data.csv,35400,1604073729126.0,1604073798281.96
Subj_14_MMH_Bim_R_12kg_Trial_2_EMG_data.csv,38850,1604073834710.0,1604073914020.39
Subj_14_MMH_Bim_R_12kg_Trial_3_EMG_data.csv,38100,1604073926222.0,1604074003033.9
Subj_14_MMH_One_L_02kg_Trial_1_EMG_data.csv,31800,1604074358760.0,1604074425649.69
Subj_14_MMH_One_L_02kg_Trial_2_EMG_data.csv,33150,1604074472217.0,1604074541096.67
Subj_14_MMH_One_L_02kg_Trial_3_EMG_data.csv,37200,1604074553146.0,1604074628779.12
Subj_14_MMH_One_L_04kg_Trial_1_EMG_data.csv,39150,1604074927934.0,1604075006155.54
Subj_14_MMH_One_L_04kg_Trial_2_EMG_data.csv,35400,1604075009816.0,1604075081348.6
Subj_14_MMH_One_L_04kg_Trial_3_EMG_data.csv,21348,1604075088416.0,1604075133142.55
Subj_14_MMH_One_R_02kg_Trial_1_EMG_data.csv,33750,1604074145317.0,1604074214990.23
Subj_14_MMH_One_R_02kg_Trial_2_EMG_data.csv,21507,1604074218770.0,1604074264769.53
Subj_14_MMH_One_R_02kg_Trial_3_EMG_data.csv,32250,1604074288383.0,1604074355534.3
Subj_14_MMH_One_R_04kg_Trial_1_EMG_data.csv,34800,1604074691048.0,1604074759643.49
Subj_14_MMH_One_R_04kg_Trial_2_EMG_data.csv,34200,1604074763787.0,1604074833028.29
Subj_14_MMH_One_R_04kg_Trial_3_EMG_data.csv,33000,1604074848915.0,1604074915686.41
Subj_14_MVC_All_L_EMG_data.csv,28650,1604076917448.0,1604076981397.66
Subj_14_MVC_All_R_EMG_data.csv,24300,1604076919429.0,1604076972250.85
