g_ar,representación,K,train acc InfoNCE,val acc InfoNCE,brecha train-val,F1 macro,balanced acc,F1 N,F1 LF,F1 K,F1 PT,F1 LT,F1 W,F1 PF,ganancia vs aleatorio
GRU,CPC,4.0,0.8604824420103093,0.8097330729166666,0.05074936909364269,0.39176343853575046,0.41868670413955195,0.7716983572629673,0.31101272827891535,0.4273182957393484,0.29991645781119464,0.34330708661417325,0.31759149940968123,0.27149964463397297,0.02896651411250667
GRU,CPC,6.0,0.8109786641556782,0.7323947511613369,0.07858391299434131,0.42438460127831495,0.45758152064744906,0.7534006734006734,0.364476386036961,0.47342398022249693,0.34030340303403034,0.37448979591836734,0.32650273224043713,0.3380952380952381,0.06158767685507116
GRU,CPC,8.0,0.7475636275773195,0.6542460123697916,0.0933176152075279,0.44783014301019747,0.48226682018479233,0.7516887327749256,0.4236559139784946,0.4613526570048309,0.3632,0.4311023622047244,0.3207810320781032,0.38303030303030305,0.08503321858695367
GRU,CPC,12.0,0.6635893206416127,0.5247463633616766,0.13884295727993612,0.47036942184461267,0.5041611760321082,0.7501359434475259,0.4279615795090715,0.4903047091412742,0.39427908774642445,0.45406445406445406,0.39528795811518325,0.38055222088835533,0.10757249742136887
GRU,CPC,16.0,0.6182580272766323,0.4306538899739583,0.18760413730267395,0.4782898619506796,0.5139276981768974,0.7493595793447485,0.4351648351648352,0.5340383344348976,0.3923444976076555,0.45339366515837104,0.39944328462073764,0.3842848373235114,0.11549293752743578
GRU,CPC,20.0,0.5765027635285944,0.3697753921151161,0.2067273714134783,0.48710742894025566,0.5204701350769063,0.7595511621693829,0.43739748496446146,0.532235939643347,0.3987563155849203,0.44625719769673705,0.4091829844699527,0.42637091805298827,0.12431050451701187
GRU,CPC,24.0,0.5395664424216214,0.3232828776041667,0.21628356481745475,0.49470840474725497,0.5363135535245412,0.7403223584515773,0.4253770150806032,0.5493257629524485,0.40031771247021447,0.48014440433212996,0.4432647644326476,0.42420681551116335,0.13191148032401118
GRU,aleatorio,,,,,0.3627969244232438,0.3862555250285696,0.7945581627558662,0.2803203661327231,0.3474860335195531,0.27248201438848924,0.2943980929678188,0.2711426726920594,0.279191128506197,0.0
LSTM,CPC,4.0,0.8520860180412371,0.8170369466145834,0.0350490714266537,0.36334254737663135,0.3923077063418422,0.7465744312890781,0.27720739219712526,0.39163916391639164,0.2795980777632154,0.33448445979279723,0.25135135135135134,0.2625429553264605,-0.00273672238583611
LSTM,CPC,6.0,0.7901386202815472,0.7156711183488369,0.07446750193271034,0.38246687700190424,0.4111137008136388,0.7521231422505308,0.3238489394723228,0.3936731107205624,0.29264069264069265,0.3601416287303996,0.2794307891332471,0.2754098360655738,0.016387607239436774
LSTM,CPC,8.0,0.7522199178479382,0.6332600911458334,0.11895982670210481,0.41006783283033993,0.4477026918019099,0.7243483083749307,0.3579849946409432,0.432463768115942,0.32459016393442625,0.40570377184912604,0.27091043671354553,0.35447338618346547,0.043988563067872466
LSTM,CPC,12.0,0.6687898226210341,0.5162285684297482,0.15256125419128597,0.4441992616925727,0.4770011392660894,0.7352016404647984,0.4020618556701031,0.4639788499669531,0.3739644970414201,0.4511056511056511,0.3390728476821192,0.34400948991696323,0.07811999193010521
LSTM,CPC,16.0,0.6190080675472509,0.4272054036458333,0.1918026639014176,0.44695970371496,0.4818941667633775,0.7371326065958328,0.384446878422782,0.45659603554340394,0.37325038880248834,0.4599336178283547,0.3481624758220503,0.36919592298980747,0.08088043395249256
LSTM,CPC,20.0,0.5757235288619995,0.360892741009593,0.2148307878524065,0.4452959544208998,0.4844731778435069,0.7211916807195053,0.40192926045016075,0.4587628865979381,0.38562874251497004,0.44906997342781224,0.3264433357091946,0.37404580152671757,0.07921668465843235
LSTM,CPC,24.0,0.5434995391934189,0.3196411145230134,0.22385842467040545,0.46167651849149965,0.5011509872144523,0.7387906211435623,0.4091858037578288,0.48358585858585856,0.36923076923076925,0.47157502329916123,0.35756676557863504,0.40180078784468204,0.09559724872903219
LSTM,aleatorio,,,,,0.36607926976246746,0.38716756870854824,0.7947052947052947,0.28704241719930274,0.34174311926605505,0.2926613616268789,0.2964678633468442,0.2676767676767677,0.28225806451612906,0.0
—,features crudas,,,,,0.3184614320751056,0.3531270966646824,0.7929316888045541,0.12481857764876633,0.43104352385946515,0.2112676056338028,0.20566146735990756,0.23857142857142857,0.2249357326478149,
